Order_Region,Orders,Average_Risk_Probability,High_Risk_Orders,Medium_Risk_Orders,High_Risk_Rate
Central Asia,128,0.578015128671875,45,4,0.3515625
South Asia,1735,0.5728839349740634,591,130,0.34063400576368874
Eastern Europe,820,0.5699910911463415,262,83,0.3195121951219512
South of  USA,761,0.5611229854402102,243,65,0.3193166885676741
North Africa,715,0.5703993886993007,223,59,0.3118881118881119
Canada,230,0.550281512,71,14,0.30869565217391304
US Center,1159,0.5427265753321829,352,53,0.30371009490940465
Northern Europe,1901,0.5546888489374013,574,172,0.3019463440294582
Southeast Asia,1769,0.5555386164160543,527,144,0.2979084228377614
East Africa,329,0.5472990217325228,98,20,0.2978723404255319
East of USA,1394,0.5635463897991392,413,154,0.2962697274031564
Central Africa,396,0.5721710056565656,117,40,0.29545454545454547
Western Europe,5361,0.5500105994366722,1545,462,0.2881925013989927
Central America,5635,0.5516766285359361,1619,493,0.2873114463176575
Caribbean,1672,0.5390866133492823,480,171,0.28708133971291866
Southern Europe,1832,0.5467307228766376,515,172,0.28111353711790393
Eastern Asia,1459,0.5411651918300205,407,118,0.27895819054146676
South America,2807,0.541655579992875,765,276,0.27253295333095834
Southern Africa,242,0.554525179214876,64,25,0.2644628099173554
West Africa,757,0.531800187675033,199,47,0.2628797886393659
Oceania,2002,0.5368599837912088,526,146,0.2627372627372627
West of USA,1619,0.532791998844966,413,163,0.2550957381099444
West Asia,1146,0.5363784479842931,283,100,0.2469458987783595
