Category_Name,Orders,Average_Risk_Probability,High_Risk_Orders,High_Risk_Rate
Golf Bags & Carts,18,0.6500267716666667,9,0.5
Cameras,136,0.6191108709558824,58,0.4264705882352941
As Seen on  TV!,13,0.6129395346153846,5,0.38461538461538464
Trade-In,178,0.573633900224719,66,0.3707865168539326
Pet Supplies,116,0.6055089775862069,43,0.3706896551724138
Music,84,0.576725964047619,30,0.35714285714285715
Women's Clothing,128,0.584376548046875,45,0.3515625
Baseball & Softball,131,0.5673704280916031,45,0.3435114503816794
Accessories,387,0.5739030624547804,124,0.32041343669250644
Golf Apparel,92,0.5594815056521739,29,0.31521739130434784
Toys,105,0.5567444877142858,33,0.3142857142857143
Health and Beauty,83,0.5774179238554217,26,0.3132530120481928
Tennis & Racquet,77,0.5638346681818182,24,0.3116883116883117
Consumer Electronics,66,0.5618752777272727,20,0.30303030303030304
Water Sports,3071,0.5542076562520352,924,0.3008791924454575
CDs,50,0.5457378746,15,0.3
Electronics,617,0.5592733208265802,184,0.29821717990275526
Golf Shoes,103,0.5643960473786408,30,0.2912621359223301
Cleats,4816,0.5487795589804817,1402,0.2911129568106312
Fitness Accessories,55,0.5406898454545455,16,0.2909090909090909
Men's Footwear,4507,0.5503783402928777,1308,0.2902152207676947
Boxing & MMA,76,0.5498548392105264,22,0.2894736842105263
Women's Apparel,4139,0.5503690665039864,1194,0.28847547716839816
Men's Clothing,52,0.5726710969230769,15,0.28846153846153844
Camping & Hiking,2726,0.5476459585766691,786,0.28833455612619224
Shop By Sport,2215,0.5508842938735892,635,0.2866817155756208
Books,84,0.5546606845238096,24,0.2857142857142857
Cardio Equipment,2395,0.5462596251231733,677,0.2826722338204593
Girls' Apparel,232,0.5496010100862069,65,0.2801724137931034
Hockey,125,0.55003119376,35,0.28
Sporting Goods,75,0.5460162504,21,0.28
Fishing,3415,0.5453480007262079,954,0.2793557833089312
Indoor/Outdoor Games,3877,0.5449729911993809,1081,0.27882383286045914
Crafts,97,0.5513519283505155,27,0.27835051546391754
Strength Training,22,0.5674616486363636,6,0.2727272727272727
Women's Golf Clubs,41,0.5419732019512195,11,0.2682926829268293
Golf Gloves,182,0.5302544534065934,48,0.26373626373626374
Lacrosse,77,0.5279922703896104,20,0.2597402597402597
Video Games,171,0.5356620140350877,43,0.25146198830409355
Golf Balls,303,0.5382374284158417,72,0.2376237623762376
Garden,89,0.5176592729213483,21,0.23595505617977527
Computers,95,0.5322321116842105,22,0.23157894736842105
Hunting & Shooting,91,0.5293752485714286,21,0.23076923076923078
Children's Clothing,145,0.531595024137931,33,0.22758620689655173
DVDs,95,0.51767834,21,0.22105263157894736
Basketball,14,0.5187719685714286,3,0.21428571428571427
Men's Golf Clubs,54,0.5202034407407408,11,0.2037037037037037
Baby,41,0.5204347309756098,8,0.1951219512195122
Kids' Golf Clubs,84,0.528954730595238,16,0.19047619047619047
Soccer,24,0.5083985079166666,4,0.16666666666666666
